{"cameraMode":{"drawMode":0,"name":"Shaded","section":"Shading Mode"},"sceneLighting":true,"audioPlay":false,"sceneViewState":{"m_AlwaysRefresh":false,"showFog":true,"showSkybox":true,"showFlares":true,"showImageEffects":true,"showParticleSystems":true,"showVisualEffectGraphs":true,"m_FxEnabled":true},"in2DMode":false,"pivot":{"x":10.217323303222657,"y":-9.514932632446289,"z":10.755720138549805},"rotation":{"x":0.25458502769470217,"y":0.3575892448425293,"z":-0.10197792947292328,"w":0.8927056789398193},"size":14.115159034729004,"orthographic":false}